{"cameraMode":{"drawMode":0,"name":"Shaded","section":"Shading Mode"},"sceneLighting":false,"audioPlay":false,"sceneViewState":{"m_AlwaysRefresh":false,"showFog":true,"showSkybox":true,"showFlares":true,"showImageEffects":true,"showParticleSystems":true,"showVisualEffectGraphs":true,"m_FxEnabled":true},"in2DMode":false,"pivot":{"x":903.9502563476563,"y":464.7381896972656,"z":181.79742431640626},"rotation":{"x":0.08869250118732453,"y":0.002983476035296917,"z":-0.0002656393626239151,"w":0.9960545301437378},"size":581.5822143554688,"orthographic":false}